business_date,symbol,security_name,ltp,open,high,low,previous_close,percent_change,qty,turnover,total_trades,avg_traded_price,fifty_two_week_high,fifty_two_week_low,last_updated_time,security_id,is_suggested
2026-10-01,ACLBSL,Aarambha Chautari Laghubitta Bittiya Sanstha Limited,872.0,870.0,872.1,866.0,870.0,0.2299,337.0,293004.7,9.0,869.45,1095.0,827.9,2026-10-01T14:59:03.714951,2790,0
2026-10-01,ADBL,Agricultural Development Bank Limited,310.0,305.5,310.9,303.3,307.5,0.813,34895.0,10783980.0,150.0,309.04,340.0,285.2,2026-10-01T14:59:58.282451,397,0
2026-10-01,AHL,Asian Hydropower Limited,376.0,380.0,385.0,376.0,378.1,-0.5554,845.0,319250.5,20.0,377.81,670.0,343.0,2026-10-01T14:58:39.335809,9150,0
2026-10-01,AHPC,Arun Valley Hydropower Development Co. Ltd.,255.0,252.3,256.0,252.1,253.9,0.4332,77386.0,19736635.4,238.0,255.04,323.3,245.8,2026-10-01T14:59:56.248664,360,0
2026-10-01,AKJCL,Ankhu Khola Jalvidhyut Company Ltd,353.7,353.9,360.0,351.6,350.0,1.0571,231649.0,82437733.0,543.0,355.87,461.4,179.0,2026-10-01T14:59:57.289181,2788,1
2026-10-01,AKPL,Arun Kabeli Power Ltd.,251.8,250.7,252.0,249.0,250.7,0.4388,33423.0,8380638.2,159.0,250.74,317.0,231.1,2026-10-01T14:59:57.403925,2757,0
2026-10-01,ALBSL,Asha Laghubitta Bittiya Sanstha Ltd,1186.0,1166.0,1200.0,1166.0,1189.0,-0.2523,4170.0,4929611.5,79.0,1182.16,1334.0,930.0,2026-10-01T14:59:57.781685,2807,0
2026-10-01,ALICL,Asian Life Insurance Co. Limited,423.0,421.4,425.0,418.0,424.6,-0.3768,11046.0,4647621.0,64.0,420.75,505.0,381.4,2026-10-01T14:59:58.796444,385,0
2026-10-01,ANLB,Aatmanirbhar Laghubitta Bittiya Sanstha Limited,4919.7,4935.0,4935.0,4821.0,4934.8,-0.306,945.0,4581763.0,29.0,4848.42,7560.0,4750.0,2026-10-01T14:59:55.478255,9161,0
2026-10-01,APHL,Appolo Hydropower Limited,618.0,613.0,620.0,611.2,617.1,0.1458,3444.0,2125406.4,126.0,617.13,1053.4,299.7,2026-10-01T14:58:04.173611,9337,0
2026-10-01,API,Api Power Company Ltd.,341.0,335.0,345.0,332.0,335.0,1.791,673595.0,228171612.0,1229.0,338.73,370.0,269.0,2026-10-01T14:59:58.097923,697,1
2026-10-01,AVYAN,Aviyan Laghubitta Bittiya Sanstha Limited,1040.0,1030.0,1045.0,1030.0,1038.2,0.1734,405.0,420380.0,20.0,1037.97,1366.0,906.0,2026-10-01T14:55:01.040439,8117,0
2026-10-01,BANDIPUR,Bandipur Cablecar and Tourism Limited,623.0,618.0,625.0,618.0,622.0,0.1608,15407.0,9581313.4,312.0,621.88,1233.0,285.0,2026-10-01T14:59:56.114889,9297,0
2026-10-01,BARUN,Barun Hydropower Co. Ltd.,331.0,329.8,331.9,326.0,327.0,1.2232,46739.0,15388007.4,170.0,329.23,401.5,298.0,2026-10-01T14:59:50.130082,686,0
2026-10-01,BBC,Bishal Bazar Company Limited,4021.0,4145.0,4145.0,3952.0,4063.0,-1.0337,1660.0,6654804.0,43.0,4008.91,5600.0,3825.0,2026-10-01T14:59:58.598476,156,0
2026-10-01,BEDC,Bhugol Energy Development Company Limited,299.0,292.0,300.0,292.0,298.4,0.2011,7898.0,2356797.8,55.0,298.4,716.0,270.0,2026-10-01T14:59:43.409095,9171,0
2026-10-01,BFC,Best Finance Company Ltd.,450.0,443.0,451.9,440.0,443.0,1.5801,6031.0,2697441.3,51.0,447.26,562.0,418.0,2026-10-01T14:57:22.502073,227,0
2026-10-01,BGWT,Bhagawati Hydropower Development Company Limited,485.0,482.0,490.1,482.0,479.0,1.2526,6138.0,3000358.3,54.0,488.81,874.0,435.0,2026-10-01T14:59:58.053685,9214,0
2026-10-01,BHCL,Bikash Hydropower Company Limited,569.8,570.0,575.0,560.0,570.0,-0.0351,32239.0,18215142.6,318.0,565.0,699.0,394.0,2026-10-01T14:59:59.92703,9267,0
2026-10-01,BHDC,Bindhyabasini Hydropower Development Company Limited,427.5,420.0,428.8,420.0,425.2,0.5409,8442.0,3598260.6,59.0,426.23,616.0,401.1,2026-10-01T14:59:41.22954,8075,0
2026-10-01,BHL,Balephi Hydropower Limited,214.7,212.0,217.0,210.7,210.2,2.1408,156150.0,33405941.9,537.0,213.93,264.4,172.1,2026-10-01T14:59:56.069691,8055,1
2026-10-01,BHPL,Barahi Hydropower Public Limited,437.9,458.0,458.0,428.2,437.0,0.2059,7088.0,3057144.0,48.0,431.31,748.0,417.2,2026-10-01T14:59:04.042114,9135,0
2026-10-01,BJHL,Bhujung Hydropower Limited,585.0,582.0,597.0,582.0,599.0,-2.3372,5746.0,3361775.4,125.0,585.06,1305.0,270.1,2026-10-01T14:59:48.565532,9322,0
2026-10-01,BNHC,Buddha Bhumi Nepal Hydropower Company Limited,274.0,274.0,278.0,272.2,274.6,-0.2185,7863.0,2159648.7,69.0,274.65,613.8,247.5,2026-10-01T14:59:54.891345,8032,0
2026-10-01,BNL,Bottlers Nepal (Balaju) Limited,14100.0,14100.0,14100.0,14100.0,14100.0,0.0,6.0,82062.0,1.0,13677.0,16921.0,13515.0,2026-10-01T13:03:05.520354,195,0
2026-10-01,BNT,Bottlers Nepal (Terai) Limited,11900.0,11662.0,11900.0,11661.0,11900.0,0.0,40.0,469260.0,4.0,11731.5,12940.0,10660.0,2026-10-01T14:38:09.990684,213,0
2026-10-01,BPCL,Butwal Power Company Limited,655.0,656.1,670.0,645.0,659.9,-0.7425,52623.0,34237506.3,155.0,650.61,819.0,612.0,2026-10-01T14:59:58.539172,153,0
2026-10-01,BUNGAL,Bungal Hydro Limited,486.3,500.0,502.0,486.3,500.3,-2.7983,17784.0,8742002.2,196.0,491.56,895.0,302.4,2026-10-01T14:59:48.886424,9296,0
2026-10-01,C30MF,Citizens Super 30 Mutual Fund,9.49,9.49,9.49,9.49,9.22,2.9284,1000.0,9490.0,1.0,9.49,10.45,8.7,2026-10-01T13:01:05.001645,9191,0
2026-10-01,CBBL,Chhimek Laghubitta Bittiya Sanstha Limited,948.5,949.0,952.0,945.1,947.0,0.1584,5583.0,5296336.6,74.0,948.65,1054.9,882.0,2026-10-01T14:59:49.482024,164,0
2026-10-01,CBLD88,Civil Bank Debenture 2088,1268.0,1268.0,1268.0,1268.0,1232.0,2.9221,420.0,532560.0,2.0,1268.0,1325.0,1148.4,2026-10-01T11:46:21.84695,8043,0
2026-10-01,CCBD88,Century Debenture 2088,1200.0,1200.0,1200.0,1200.0,1210.0,-0.8264,16.0,19200.0,1.0,1200.0,1326.0,1140.0,2026-10-01T13:07:08.791996,8068,0
2026-10-01,CFCL,Central Finance Co. Ltd.,572.0,560.0,585.0,560.0,572.0,0.0,32053.0,18199836.0,188.0,567.8,699.0,455.0,2026-10-01T14:59:59.410123,245,0
2026-10-01,CGH,Chandragiri Hills Limited,760.0,762.2,769.0,760.0,765.0,-0.6536,6085.0,4636537.4,77.0,761.96,983.0,748.0,2026-10-01T14:59:57.476823,2917,0
2026-10-01,CHCL,Chilime Hydropower Company Limited,341.7,349.1,350.0,341.2,348.8,-2.0356,61190.0,21105347.6,305.0,344.91,525.0,336.8,2026-10-01T14:59:59.771572,154,0
2026-10-01,CHDC,CEDB Holdings Limited,2362.2,2350.1,2389.9,2350.1,2378.0,-0.6644,20547.0,48670155.6,149.0,2368.72,2717.0,1967.0,2026-10-01T14:59:27.870532,3946,0
2026-10-01,CHL,Chhyangdi Hydropower Ltd.,260.9,261.1,265.0,258.1,262.0,-0.4198,6183.0,1607142.8,48.0,259.92,332.5,223.4,2026-10-01T14:59:51.081579,2766,0
2026-10-01,CIT,Citizen Investment Trust,1738.0,1740.0,1752.0,1720.0,1739.9,-0.1092,10379.0,18033069.4,108.0,1737.45,1973.0,1621.1,2026-10-01T14:56:25.340435,210,0
2026-10-01,CITY,City Hotel Limited,342.9,344.0,345.0,341.1,343.0,-0.0292,21674.0,7420551.0,147.0,342.37,590.7,327.2,2026-10-01T14:59:37.347299,9173,0
2026-10-01,CIZBD90,10% Citizens Bank Debenture 2090,1215.5,1215.5,1215.5,1215.5,1225.0,-0.7755,25.0,30387.5,1.0,1215.5,1315.0,1010.0,2026-10-01T12:21:05.740155,9231,0
2026-10-01,CKHL,Chirkhwa Hydropower Limited ,533.0,520.0,535.0,505.0,535.0,-0.3738,5307.0,2814281.0,40.0,530.29,804.0,522.9,2026-10-01T14:59:57.742541,9232,0
2026-10-01,CLI,Citizen Life Insurance Company Limited,436.0,437.0,438.0,432.1,437.0,-0.2288,6274.0,2734393.6,161.0,435.82,526.0,410.0,2026-10-01T14:59:01.590933,9209,0
2026-10-01,CORBL,Corporate Development Bank Limited,806.9,738.0,813.0,725.0,737.9,9.3509,44458.0,34966362.3,746.0,786.5,3183.0,737.0,2026-10-01T14:59:54.94051,450,0
2026-10-01,CREST,Crest Micro Life Insurance Limited,1080.0,1060.0,1082.5,1040.0,1089.0,-0.8264,8909.0,9460897.7,151.0,1061.94,1588.0,1000.0,2026-10-01T14:59:58.90203,9252,0
2026-10-01,CSY,Citizens Santulit Yojana,8.5,8.75,8.76,8.5,8.75,-2.8571,12330.0,107910.0,15.0,8.75,10.0,8.01,2026-10-01T14:43:57.799917,9304,0
2026-10-01,CYCL,CYC Nepal Laghubitta Bittiya Sanstha Limited,1524.9,1501.0,1549.0,1462.0,1516.9,0.5274,5801.0,8711378.0,116.0,1501.7,1768.4,1216.0,2026-10-01T14:59:53.788229,8065,0
2026-10-01,CZBIL,Citizens Bank International Limited,212.5,210.1,213.0,206.5,212.8,-0.141,52268.0,11076391.5,230.0,211.91,238.6,183.0,2026-10-01T14:59:49.611308,348,0
2026-10-01,DDBL,Deprosc Laghubitta Bittiya Sanstha Limited,848.0,842.0,851.0,841.0,846.9,0.1299,6608.0,5588563.6,60.0,845.72,927.0,793.0,2026-10-01T14:59:39.320804,166,0
2026-10-01,DHEL,Daramkhola Hydro Energy Limited,525.0,524.0,530.0,517.4,528.0,-0.5682,9508.0,4977293.7,174.0,523.48,918.9,402.2,2026-10-01T14:59:55.776248,9293,0
2026-10-01,DHPL,Dibyashwori Hydropower Ltd.,273.0,266.4,280.1,266.4,266.4,2.4775,3760.0,1037442.0,26.0,275.91,345.0,254.0,2026-10-01T14:59:39.784143,2754,0
2026-10-01,DLBS,Dhaulagiri Laghubitta Bittiya Sanstha Limited,1146.9,1180.0,1190.0,1110.0,1140.0,0.6053,384.0,441981.7,26.0,1150.99,1495.0,927.0,2026-10-01T14:59:59.279337,8123,0
2026-10-01,DOLTI,Dolti Power Company Limited,308.0,295.0,309.0,292.5,295.0,4.4068,34958.0,10529858.8,174.0,301.21,596.0,275.0,2026-10-01T14:59:58.608908,9170,0
2026-10-01,DORDI,Dordi Khola Jal Bidyut Company Limited,260.4,258.2,264.0,258.2,261.0,-0.2299,54282.0,14177237.4,129.0,261.17,327.4,213.1,2026-10-01T14:57:25.086178,8070,0
2026-10-01,EBL,Everest Bank Limited,696.2,698.0,700.8,695.2,696.0,0.0287,53726.0,37529937.6,229.0,698.54,760.2,619.0,2026-10-01T14:59:24.568124,137,0
2026-10-01,EBLD91,Everest Bank Limited Debenture 2091,1120.0,1100.0,1120.0,1085.1,1100.0,1.8182,170.0,188967.5,5.0,1111.57,1142.4,1020.1,2026-10-01T14:50:57.436121,9255,0
2026-10-01,ECL,Everest Colour Limited,1266.0,1274.0,1290.0,1260.0,1275.0,-0.7059,8462.0,10758218.5,162.0,1271.35,1980.0,296.6,2026-10-01T14:59:59.172957,9347,0
2026-10-01,EDBL,Excel Development Bank Ltd.,575.0,581.0,581.0,570.2,574.9,0.0174,2885.0,1656541.0,23.0,574.19,683.4,535.9,2026-10-01T14:59:31.782272,274,0
2026-10-01,EHPL,Eastern Hydropower Limited,318.0,332.0,332.0,317.1,317.0,0.3155,8149.0,2602741.2,54.0,319.39,525.0,295.0,2026-10-01T14:59:59.417508,8131,0
2026-10-01,ENL,Emerging Nepal Limited,517.0,490.0,521.7,475.0,480.0,7.7083,154870.0,78118997.4,764.0,504.41,1021.0,458.9,2026-10-01T14:59:59.829101,8034,0
2026-10-01,FMDBL,First Micro Finance Laghubitta Bittiya Sanstha Limited,738.9,744.0,744.0,730.0,743.9,-0.6721,8147.0,5970901.2,55.0,732.89,982.0,689.8,2026-10-01T14:59:56.209389,490,0
2026-10-01,FOWAD,Forward Microfinance Laghubitta Bittiya Sanstha Limited,876.0,875.0,885.0,870.6,870.1,0.6781,1880.0,1650873.8,30.0,878.12,1364.0,834.2,2026-10-01T14:59:57.470742,2758,0
2026-10-01,GBBL,Garima Bikas Bank Limited,402.6,409.0,409.0,400.8,406.6,-0.9838,73487.0,29589592.5,322.0,402.65,460.0,367.4,2026-10-01T14:59:55.639221,417,0
2026-10-01,GBILD86/87,Global IME Bank Limited Debenture 2086/87,1122.7,1122.7,1122.7,1122.7,1090.0,3.0,25.0,28067.5,1.0,1122.7,1202.0,1055.0,2026-10-01T12:00:57.721076,8004,0
2026-10-01,GBIME,Global IME Bank Limited,243.9,245.0,245.0,242.0,243.5,0.1643,160452.0,39091427.9,348.0,243.63,270.6,218.9,2026-10-01T14:59:54.915905,341,0
2026-10-01,GBIMESY2,Global IME Sammunat Yojana -2,9.0,9.0,9.1,9.0,9.14,-1.5317,1820.0,16425.0,10.0,9.02,10.78,8.5,2026-10-01T14:55:49.322799,9269,0
2026-10-01,GBLBS,Grameen Bikas Laghubitta Bittiya Sanstha Ltd.,672.0,660.0,676.9,660.0,665.0,1.0526,803.0,537415.0,29.0,669.25,868.0,610.0,2026-10-01T14:59:55.594093,583,0
2026-10-01,GCIL,Ghorahi Cement Industry Limited,391.0,396.0,400.0,391.0,396.0,-1.2626,24681.0,9716195.0,194.0,393.67,489.9,315.5,2026-10-01T14:59:51.122953,9193,0
2026-10-01,GFCL,Goodwill Finance Limited,562.0,568.0,568.0,562.0,563.1,-0.1953,3712.0,2091865.0,31.0,563.54,738.0,550.0,2026-10-01T14:58:05.351601,232,0
2026-10-01,GHL,Ghalemdi Hydro Limited,273.6,270.0,279.0,268.5,271.5,0.7735,676519.0,185144684.8,1433.0,273.67,290.0,197.1,2026-10-01T14:59:58.681418,2806,1
2026-10-01,GIBF1,Global IME Balanced Fund-1,10.0,10.21,10.22,9.95,10.16,-1.5748,20300.0,206027.0,7.0,10.14,11.93,9.7,2026-10-01T14:56:45.919849,8106,0
2026-10-01,GILB,Global IME Laghubitta Bittiya Sanstha Ltd.,1112.0,1110.0,1112.0,1093.2,1109.0,0.2705,390.0,431587.8,15.0,1106.63,1350.0,1020.1,2026-10-01T14:41:17.30268,705,0
2026-10-01,GLBSL,Gurans Laghubitta Bittiya Sanstha Limited,1680.0,1695.0,1695.0,1680.0,1690.0,-0.5917,386.0,651629.3,18.0,1688.15,2310.0,1585.1,2026-10-01T14:42:31.452909,2826,0
2026-10-01,GLH,GreenLife Hydropower Limited,279.8,279.8,283.0,276.0,276.8,1.0838,130960.0,36651852.3,392.0,279.87,328.2,237.1,2026-10-01T14:59:53.130846,2924,1
2026-10-01,GMFBS,Ganapati Laghubitta Bittiya Sanstha Limited,1090.0,1080.0,1090.0,1060.0,1080.0,0.9259,106.0,112726.6,12.0,1063.45,1688.0,1041.0,2026-10-01T14:57:47.17755,2815,0
2026-10-01,GMFIL,Guheshowori Merchant Bank & Finance Co. Ltd.,412.1,426.0,426.0,411.4,416.0,-0.9375,1800.0,744808.5,22.0,413.78,540.0,393.1,2026-10-01T14:59:59.217828,263,0
2026-10-01,GMLI,Guardian Micro Life Insurance Limited ,946.5,920.6,960.0,920.6,949.0,-0.2634,240.0,225395.0,22.0,939.14,2068.0,889.0,2026-10-01T14:56:24.189552,9246,0
2026-10-01,GRDBL,Green Development Bank Ltd.,928.0,939.0,939.0,912.0,935.0,-0.7487,12542.0,11540398.2,144.0,920.14,1320.0,911.0,2026-10-01T14:59:59.086905,2744,0
2026-10-01,GSY,Garima Samriddhi Yojana,9.11,9.01,9.11,9.01,9.0,1.2222,7850.0,71378.5,13.0,9.09,10.46,8.5,2026-10-01T14:57:28.345276,9248,0
2026-10-01,GUFL,Gurkhas Finance Ltd.,497.2,493.5,500.0,492.1,496.1,0.2217,13316.0,6604808.7,70.0,496.0,644.0,460.6,2026-10-01T14:59:55.634945,204,0
2026-10-01,GVL,Green Ventures Limited,492.0,496.0,499.4,487.3,494.0,-0.4049,15905.0,7807956.7,103.0,490.91,602.0,461.0,2026-10-01T14:57:44.304611,8045,0
2026-10-01,H8020,Himalayan 80-20,11.04,11.0,11.04,10.94,10.94,0.9141,59065.0,649937.6,14.0,11.0,13.18,10.0,2026-10-01T14:37:47.161061,9221,0
2026-10-01,HATHY,Hathway Investment Nepal Limited,455.0,434.0,470.0,430.0,429.0,6.0606,484743.0,219612961.1,2332.0,453.05,1050.0,385.0,2026-10-01T14:59:59.90701,9213,1
2026-10-01,HBL,Himalayan Bank Limited,193.3,193.0,195.9,190.8,193.1,0.1036,54941.0,10655207.9,476.0,193.93,237.0,183.0,2026-10-01T14:59:53.896722,134,0
2026-10-01,HDHPC,Himal Dolakha Hydropower Company Limited,223.5,221.8,226.8,218.0,218.0,2.5229,483139.0,108169615.8,918.0,223.88,274.0,165.1,2026-10-01T14:59:59.773202,2880,1
2026-10-01,HDL,Himalayan Distillery Limited,1286.0,1292.0,1298.9,1283.0,1292.0,-0.4644,78978.0,101714366.3,614.0,1287.88,1415.7,1097.6,2026-10-01T14:59:57.704193,235,0
2026-10-01,HEI,Himalayan Everest Insurance Limited,448.6,455.0,455.0,448.0,454.8,-1.3632,4182.0,1881647.0,27.0,449.93,596.0,418.0,2026-10-01T14:59:52.944338,179,0
2026-10-01,HEIP,Himalayan Everest Insurance Limited Promoter,326.0,322.0,326.0,322.0,317.2,2.7743,500.0,162200.0,2.0,324.4,378.0,288.0,2026-10-01T13:34:09.040021,700,0
2026-10-01,HFIN,Hotel Forest Inn Limited,581.9,584.0,590.2,580.0,584.0,-0.3596,17768.0,10367458.0,385.0,583.49,1450.6,101.7,2026-10-01T14:59:19.200298,9308,0
2026-10-01,HHL,Himalayan Hydropower Limited,346.6,347.0,350.0,346.0,350.0,-0.9714,27731.0,9642597.0,148.0,347.71,416.6,309.0,2026-10-01T14:59:12.799892,8076,0
2026-10-01,HIDCL,Hydorelectricity Investment and Development Company Ltd,250.0,254.0,254.0,248.3,252.0,-0.7937,39784.0,9968689.6,178.0,250.57,307.0,232.6,2026-10-01T14:59:59.716477,2742,0
2026-10-01,HIDCLP,Hydorelectricity Investment and Development Company Limited Promoter,188.3,187.0,191.0,187.0,187.3,0.5339,42924.0,8103391.5,104.0,188.78,230.6,174.4,2026-10-01T14:59:59.121905,8111,0
2026-10-01,HIMSTAR,Him Star Urja Company Limited,624.0,623.9,635.0,612.1,623.9,0.016,3455.0,2151875.1,57.0,622.82,1264.0,585.0,2026-10-01T14:59:37.949871,9270,0
2026-10-01,HLBSL,Himalayan Laghubitta Bittiya Sanstha Limited,879.9,870.0,881.9,860.2,875.0,0.56,224.0,194998.2,10.0,870.52,1005.0,830.0,2026-10-01T14:59:53.32423,693,0
2026-10-01,HLI,Himalayan Life Insurance Limited,304.0,302.0,307.0,301.2,302.0,0.6623,16940.0,5155344.0,194.0,304.32,412.9,284.3,2026-10-01T14:58:23.256292,393,0
2026-10-01,HLICF,HLI Large Cap Fund,8.33,8.2,8.33,8.2,8.33,0.0,700.0,5802.0,7.0,8.28,10.55,7.88,2026-10-01T14:55:43.084937,9290,0
2026-10-01,HPPL,Himalayan Power Partner Ltd.,379.9,359.9,385.0,359.9,378.0,0.5026,64896.0,24651935.4,185.0,379.86,605.0,340.1,2026-10-01T14:59:58.532176,2767,0
2026-10-01,HRL,Himalayan Reinsurance Limited,500.4,501.0,504.0,498.6,501.0,-0.1198,61646.0,30823266.2,521.0,500.0,950.0,485.0,2026-10-01T14:59:44.853939,9234,0
2026-10-01,HURJA,Himalaya Urja Bikas Company Limited,260.0,259.0,266.0,256.7,256.0,1.5625,226689.0,59250726.6,448.0,261.37,312.1,204.6,2026-10-01T14:59:58.551537,2824,1
2026-10-01,ICFC,ICFC Finance Limited,593.0,592.1,596.0,592.1,591.1,0.3214,4790.0,2842483.0,29.0,593.42,715.0,567.6,2026-10-01T14:59:40.139806,273,0
2026-10-01,ICFCD83,12% ICFC Finance Limited Debenture 2083,1055.0,1085.0,1085.0,1085.0,1085.0,-2.765,15.0,15825.0,2.0,1055.0,1272.2,843.2,2026-10-01T14:50:42.543353,2882,0
2026-10-01,ICFCD88,9% ICFC Finance Limited Debenture 2088,1130.1,1130.1,1130.1,1130.1,1128.0,0.1862,25.0,28252.5,1.0,1130.1,1216.0,1083.9,2026-10-01T14:18:28.793063,9249,0
2026-10-01,ICFCD89,8% ICFC Finance Limited Debenture 2089,1107.1,1110.0,1110.5,1097.6,1100.0,0.6455,930.0,1031340.1,26.0,1108.96,1140.0,1020.0,2026-10-01T14:39:16.243566,9327,0
2026-10-01,IGI,IGI Prudential insurance Limited,386.6,385.3,386.7,382.2,387.9,-0.3351,9275.0,3569376.8,44.0,384.83,501.0,355.1,2026-10-01T14:59:48.464743,186,0
2026-10-01,IHL,Ingwa Hydropower Limited,319.8,321.0,323.0,319.0,316.3,1.1065,4994.0,1599723.4,38.0,320.32,638.0,282.5,2026-10-01T14:59:48.344278,9176,0
2026-10-01,ILBS,Infinity Laghubitta Bittiya Sanstha Limited,947.9,905.0,990.0,901.0,944.8,0.3281,1316.0,1225650.2,46.0,931.34,1246.0,800.0,2026-10-01T14:59:57.769221,2832,0
2026-10-01,ILI,IME Life Insurance Company Limited,422.1,422.5,429.0,416.0,422.5,-0.0947,9276.0,3921189.6,209.0,422.72,489.6,396.3,2026-10-01T14:59:46.7143,9184,0
2026-10-01,JBBL,Jyoti Bikas Bank Limited,344.9,345.0,348.9,343.3,345.5,-0.1737,6901.0,2385571.8,51.0,345.68,395.0,295.0,2026-10-01T14:59:42.209304,418,0
2026-10-01,JBBLPO,Jyoti Bikash  Bank Ltd. Promoter Share,179.0,179.0,179.0,179.0,179.0,0.0,23498.0,4206142.0,1.0,179.0,187.0,179.0,2026-10-01T13:01:05.634214,579,0
2026-10-01,JBLB,Jeevan Bikas Laghubitta  Bittya Sanstha Ltd,1278.0,1275.0,1285.0,1272.1,1282.0,-0.312,2802.0,3587510.4,73.0,1280.33,1644.0,1187.5,2026-10-01T14:59:04.333152,4951,0
2026-10-01,JFL,Janaki Finance Company Limited,280.0,270.0,280.0,270.0,276.0,1.4493,11151.0,3053675.7,76.0,273.84,492.0,250.1,2026-10-01T14:59:28.004285,250,0
2026-10-01,JHAPA,Jhapa Energy Limited,1017.0,1010.0,1017.0,1006.8,1010.0,0.6931,1545.0,1563817.0,40.0,1012.17,1929.0,293.4,2026-10-01T14:56:37.943775,9300,0
2026-10-01,JOSHI,Joshi Hydropower Development Company Ltd,262.4,264.9,264.9,260.0,261.0,0.5364,15156.0,3948005.1,62.0,260.49,388.6,245.0,2026-10-01T14:59:41.103451,2789,0
2026-10-01,JSLBB,Janautthan Samudayic Laghubitta Bittya Sanstha Limited,953.4,947.9,953.4,930.5,945.8,0.8036,197.0,184841.9,6.0,938.28,1308.0,905.2,2026-10-01T14:59:56.673368,695,0
2026-10-01,KAHL,Kalanga Hydro Limited,467.0,470.0,472.0,460.9,469.9,-0.6172,14541.0,6797106.9,570.0,467.44,613.0,295.4,2026-10-01T14:59:58.857059,9346,0
2026-10-01,KBL,Kumari Bank Limited,225.0,223.9,227.0,222.6,223.9,0.4913,231215.0,51913412.6,387.0,224.52,256.0,176.0,2026-10-01T14:59:58.86415,142,1
2026-10-01,KBLD89,11% KBL Debenture 2089,1350.0,1339.7,1350.0,1339.7,1320.0,2.2727,1395.0,1875200.5,10.0,1344.22,1379.0,1213.2,2026-10-01T13:43:00.115348,8127,0
2026-10-01,KBSH,Kutheli Bukhari Small Hydropower Limited,808.0,795.2,808.0,795.2,798.0,1.2531,2694.0,2164858.3,45.0,803.58,1907.0,758.1,2026-10-01T14:59:56.762936,9196,0
2026-10-01,KDBY,Kumari Dhanabriddhi Yojana,10.09,9.96,10.09,9.93,9.95,1.407,11849.0,117947.41,16.0,9.95,12.54,8.77,2026-10-01T14:59:34.090787,8074,0
2026-10-01,KDL,Kalinchowk Darshan Limited,572.9,570.0,582.0,560.3,565.4,1.3265,15613.0,8957466.6,111.0,573.71,1185.0,565.0,2026-10-01T14:59:56.890618,9151,0
2026-10-01,KEF,Kumari Equity Fund,9.35,9.24,9.35,9.24,9.23,1.3001,4350.0,40571.0,8.0,9.32,11.3,8.31,2026-10-01T14:38:46.50699,2933,0
2026-10-01,KHPL,Kalinchock Hydropower Limited,669.0,662.3,679.8,659.0,661.0,1.2103,3020.0,2016479.6,86.0,667.7,1324.8,300.0,2026-10-01T14:59:58.391651,9334,0
2026-10-01,KKHC,Khanikhola Hydropower Co. Ltd.,272.3,283.7,283.7,267.29,270.2,0.7772,53377.0,14601038.9,164.0,273.54,362.0,208.0,2026-10-01T14:59:56.448852,2751,0
2026-10-01,KMCDB,Kalika Laghubitta Bittiya Sanstha Ltd,806.0,811.9,811.9,792.0,811.9,-0.7267,3201.0,2545789.0,49.0,795.31,1189.3,735.0,2026-10-01T14:59:55.888535,593,0
2026-10-01,KPCL,Kalika power Company Ltd,453.0,468.0,468.0,449.5,457.0,-0.8753,11371.0,5132555.3,104.0,451.37,657.0,440.6,2026-10-01T14:59:47.096956,2787,0
2026-10-01,KSBBL,Kamana Sewa Bikas Bank Limited,449.0,449.6,450.0,446.0,449.6,-0.1335,22045.0,9874829.7,68.0,447.93,534.0,404.1,2026-10-01T14:59:59.081678,459,0
2026-10-01,KSY,Kumari Sabal Yojana,9.0,8.89,9.0,8.78,9.0,0.0,811.0,7285.58,5.0,8.98,10.26,8.21,2026-10-01T14:32:12.16281,9241,0
2026-10-01,LBBL,Lumbini Bikas Bank Ltd.,478.0,473.0,479.8,471.0,474.0,0.8439,16187.0,7705708.6,65.0,476.04,555.0,433.0,2026-10-01T14:59:43.670056,358,0
2026-10-01,LEC,Liberty Energy Company Limited,252.3,254.8,258.5,252.0,252.8,-0.1978,374816.0,95511900.4,587.0,254.82,276.0,180.0,2026-10-01T14:59:58.17095,2903,0
2026-10-01,LICN,Life Insurance Corporation (Nepal) Limited,780.0,789.8,789.8,776.1,783.0,-0.3831,15080.0,11766375.7,68.0,780.26,969.0,741.5,2026-10-01T14:59:34.821939,188,0
2026-10-01,LLBS,Laxmi Laghubitta Bittiya Sanstha Ltd.,818.1,811.1,830.0,811.1,827.0,-1.0762,688.0,563962.0,9.0,819.71,1081.9,771.4,2026-10-01T14:40:24.537103,618,0
2026-10-01,LSD92,7% Laxmi Sunrise Debenture 2092,1130.0,1150.0,1150.0,1106.0,1112.0,1.6187,113680.0,130432172.8,501.0,1147.36,1150.0,1000.0,2026-10-01T14:59:25.782327,9355,0
2026-10-01,LSH12,LS Horizon 12,9.0,9.0,9.01,8.9,9.0,0.0,1700.0,15203.0,13.0,8.94,10.0,8.55,2026-10-01T14:36:28.910326,9350,0
2026-10-01,LSL,Laxmi Sunrise Bank Limited,258.0,252.6,260.0,252.6,253.5,1.7751,504687.0,129427934.3,783.0,256.45,254.7,203.0,2026-10-01T14:59:38.100891,141,1
2026-10-01,LUK,Laxmi Unnati Kosh,9.3,9.2,9.35,9.2,9.3,0.0,2321.0,21604.8,3.0,9.3,10.91,8.97,2026-10-01T14:33:58.862106,2902,0
2026-10-01,LVF2,Laxmi Value Fund 2,9.15,9.15,9.15,9.15,9.15,0.0,500.0,4575.0,5.0,9.15,10.3,8.76,2026-10-01T14:18:14.479762,9198,0
2026-10-01,MABEL,Mabilung Energy Limited,561.9,562.0,572.0,550.2,562.0,-0.0178,3725.0,2085685.6,93.0,559.91,927.0,317.7,2026-10-01T14:59:59.131119,9287,0
2026-10-01,MAKAR,Makar Jitumaya Suri Hydropower Limited,409.0,410.0,410.5,407.0,410.6,-0.3897,36030.0,14698194.0,151.0,407.94,619.0,389.0,2026-10-01T14:59:53.47209,9166,0
2026-10-01,MANDU,Mandu Hydropower Limited,751.1,746.0,772.5,746.0,745.1,0.8053,9107.0,6929872.1,55.0,760.93,909.0,622.0,2026-10-01T14:59:58.902457,9212,0
2026-10-01,MATRI,Matribhumi Lagubitta Bittiya Sanstha Limited,721.1,720.0,740.0,720.0,726.0,-0.6749,257.0,187748.0,10.0,730.53,1048.5,705.6,2026-10-01T14:49:09.182787,694,0
2026-10-01,MBJC,Madhya Bhotekoshi Jalavidyut Company Limited,293.7,294.0,300.5,293.6,297.0,-1.1111,83477.0,24862987.4,273.0,297.84,333.0,248.5,2026-10-01T14:58:20.194213,8031,0
2026-10-01,MBL,Machhapuchhre Bank Limited,251.9,249.0,251.9,248.1,247.8,1.6546,87576.0,21969563.7,165.0,250.86,284.0,205.0,2026-10-01T14:59:57.654156,140,0
2026-10-01,MBLD87,8.5% Machhapuchchhre Debenture 2087,1094.2,1094.2,1094.2,1094.2,1127.0,-2.9104,11.0,12036.2,1.0,1094.2,1171.0,1074.0,2026-10-01T14:45:01.405293,7985,0
2026-10-01,MBLEF,MBL Equity Fund,9.09,9.0,9.29,9.0,9.07,0.2205,600.0,5462.0,5.0,9.1,10.89,8.44,2026-10-01T14:42:08.280221,9257,0
2026-10-01,MCHL,Menchhiyam Hydropower Limited,273.9,266.0,274.0,266.0,274.0,-0.0365,2498.0,673841.5,28.0,269.75,538.9,232.0,2026-10-01T14:59:55.700764,9175,0
2026-10-01,MDB,Miteri Development Bank Limited,557.0,558.0,563.9,550.0,559.0,-0.3578,9201.0,5126262.6,59.0,557.14,705.8,530.5,2026-10-01T14:53:24.214096,371,0
2026-10-01,MEHL,Manakamana Engineering Hydropower Limited,259.8,258.0,263.0,254.0,258.0,0.6977,45601.0,11829474.7,200.0,259.41,519.0,220.0,2026-10-01T14:59:58.030504,9203,0
2026-10-01,MEL,Modi Energy Limited,210.0,211.0,216.0,209.0,210.0,0.0,44139.0,9265082.0,192.0,209.9,328.0,195.0,2026-10-01T14:56:27.57754,9179,0
2026-10-01,MEN,Mountain Energy Nepal Limited,638.0,604.2,640.0,604.2,636.0,0.3145,70019.0,44476176.5,224.0,635.2,683.4,535.0,2026-10-01T14:59:55.872902,2913,0
2026-10-01,MEPDL,Mount Everest Power Development Limited,627.0,625.0,632.0,622.3,630.0,-0.4762,12580.0,7897071.8,428.0,627.74,855.0,300.0,2026-10-01T14:59:48.796093,9352,0
2026-10-01,MERO,Mero Microfinance Bittiya Sanstha Ltd.,591.0,600.0,608.0,591.0,599.9,-1.4836,4989.0,2975521.6,54.0,596.41,860.0,584.9,2026-10-01T14:58:02.232763,1741,0
2026-10-01,MFIL,Manjushree Finance Ltd.,749.9,731.0,760.0,731.0,748.9,0.1335,45204.0,33127306.2,45.0,732.84,938.0,545.0,2026-10-01T14:51:26.495507,516,0
2026-10-01,MHCL,Molung Hydropower Company Limited,286.0,284.0,289.4,278.1,282.0,1.4184,6448.0,1813124.0,84.0,281.19,445.0,261.0,2026-10-01T14:59:57.955838,9158,0
2026-10-01,MHL,Mandakini Hydropower Limited,445.0,445.0,454.0,441.2,447.9,-0.6475,4073.0,1818581.8,46.0,446.49,580.0,435.0,2026-10-01T14:56:19.865415,8102,0
2026-10-01,MHNL,Mountain Hydro Nepal Limited,257.0,254.2,259.9,254.0,257.0,0.0,22930.0,5878009.2,57.0,256.34,324.0,223.0,2026-10-01T14:59:46.262426,2811,0
2026-10-01,MKCL,Muktinath Krishi Company Limited,847.0,820.0,849.9,820.0,830.0,2.0482,756.0,634523.6,27.0,839.31,1616.8,810.0,2026-10-01T14:59:56.167626,9230,0
2026-10-01,MKHC,Maya Khola Hydropower Company Limited,254.0,247.0,257.0,247.0,253.0,0.3953,10251.0,2607940.5,69.0,254.4,414.9,232.1,2026-10-01T14:59:26.363725,9149,0
2026-10-01,MKHL,Mai Khola Hydropower Limited,499.0,490.0,503.0,487.1,500.0,-0.2,2631.0,1307320.0,44.0,496.89,915.0,457.0,2026-10-01T14:59:57.341809,9167,0
2026-10-01,MKJC,Mailung Khola Jal Vidhyut Company Limited,338.0,341.0,356.9,326.0,342.0,-1.1696,37391.0,12527594.4,199.0,335.04,635.0,252.0,2026-10-01T14:59:56.670813,8005,0
2026-10-01,MLBBL,Mithila LaghuBitta Bittiya Sanstha Limited,951.9,943.0,951.9,920.1,962.0,-1.0499,1790.0,1675903.9,26.0,936.25,1661.0,894.0,2026-10-01T14:59:32.464376,601,0
2026-10-01,MLBL,Mahalaxmi Bikas Bank Ltd.,355.0,352.5,357.0,352.5,356.7,-0.4766,11255.0,3996023.6,51.0,355.04,418.0,330.7,2026-10-01T14:59:25.20106,401,0
2026-10-01,MLBS,Manushi Laghubitta Bittiya Sanstha Limited,981.5,972.0,999.0,972.0,998.0,-1.6533,139.0,137466.0,8.0,988.96,1666.0,967.0,2026-10-01T14:55:42.391936,8018,0
2026-10-01,MLBSL,Mahila Lagubitta Bittiya Sanstha Limited ,1081.0,1105.0,1105.0,1081.0,1100.0,-1.7273,330.0,360591.8,17.0,1092.7,2192.8,1026.0,2026-10-01T14:58:19.333259,2925,0
2026-10-01,MMF1,Mega Mutual Fund -1,8.75,8.95,8.95,8.7,8.75,0.0,6900.0,60464.0,19.0,8.76,10.16,8.27,2026-10-01T14:59:31.613865,8023,0
2026-10-01,MMKJL,Mathillo Mailun Khola Jalvidhyut Limited,369.0,352.0,369.7,343.1,343.0,7.5802,19195.0,6951419.8,163.0,362.14,667.0,309.0,2026-10-01T14:59:52.824899,9217,0
2026-10-01,MNBBL,Muktinath Bikas Bank Ltd.,331.0,330.0,332.0,327.0,330.0,0.303,20082.0,6624957.9,129.0,329.89,467.0,314.2,2026-10-01T14:59:51.584377,474,0
2026-10-01,MNMF1,Muktinath Mutual Fund 1,8.95,8.92,9.14,8.92,9.19,-2.6115,4299.0,38613.55,14.0,8.98,10.4,8.53,2026-10-01T14:56:07.670067,9245,0
2026-10-01,MPFL,Multipurpose Finance Company  Limited,584.8,585.0,586.0,570.0,584.1,0.1198,8223.0,4751859.2,70.0,577.87,744.0,491.0,2026-10-01T14:53:30.490155,471,0
2026-10-01,MSHL,Mid Solu Hydropower Limited,535.2,540.0,540.0,532.1,540.0,-0.8889,12092.0,6471038.2,113.0,535.15,937.0,481.0,2026-10-01T14:59:37.402819,9215,0
2026-10-01,MSLB,Mahuli Laghubitta Bittiya Sanstha Limited,1194.0,1171.6,1194.0,1171.6,1200.0,-0.5,223.0,262750.7,17.0,1178.25,1634.0,1089.9,2026-10-01T14:57:10.50945,2768,0
2026-10-01,NABBC,Narayani Development Bank Limited,713.0,711.0,726.0,702.1,727.9,-2.047,12345.0,8814257.4,77.0,713.99,1835.0,662.0,2026-10-01T14:59:56.844794,172,0
2026-10-01,NABIL,Nabil Bank Limited,528.5,531.0,532.0,525.0,530.7,-0.4145,73656.0,38897356.6,607.0,528.09,581.0,485.0,2026-10-01T14:59:59.00761,131,0
2026-10-01,NABILD2089,7% Nabil Debenture 2089,1077.0,1080.0,1080.0,1077.0,1080.0,-0.2778,45.0,48540.0,2.0,1078.66,1154.0,1000.0,2026-10-01T12:57:18.700749,9299,0
2026-10-01,NADEP,Nadep Laghubittiya bittya Sanstha Ltd.,683.0,674.0,683.0,665.0,666.2,2.5218,2482.0,1656550.1,19.0,667.42,871.0,652.0,2026-10-01T14:59:46.812002,2784,0
2026-10-01,NBF2,NABIL BALANCED FUND-2,9.23,9.23,9.23,9.23,9.48,-2.6371,200.0,1846.0,1.0,9.23,10.7,8.89,2026-10-01T12:43:51.473322,2835,0
2026-10-01,NBF3,Nabil Balanced Fund-3,9.16,9.16,9.3,9.16,9.16,0.0,8569.0,78632.04,13.0,9.17,10.22,8.35,2026-10-01T14:54:54.028416,8024,0
2026-10-01,NBL,Nepal Bank Limited,293.0,293.0,295.0,291.0,294.7,-0.5769,109554.0,32173709.2,284.0,293.67,302.9,235.0,2026-10-01T14:59:58.057002,517,0
2026-10-01,NBLD87,8.5% Nepal Bank Debenture 2087,1100.3,1100.0,1100.3,1100.0,1112.4,-1.0877,75.0,82507.5,2.0,1100.1,1225.0,1060.0,2026-10-01T14:53:20.883024,4959,0
2026-10-01,NESDO,NESDO Sambridha Laghubitta Bittiya Sanstha Limited,1339.0,1335.0,1339.0,1320.0,1339.1,-0.0075,732.0,971748.9,11.0,1327.52,1682.0,1272.2,2026-10-01T14:59:58.268167,8041,0
2026-10-01,NFS,Nepal Finance Ltd.,480.0,483.0,483.0,480.0,480.0,0.0,3504.0,1685456.0,37.0,481.0,725.0,465.0,2026-10-01T14:58:00.143509,194,0
2026-10-01,NGPL,Ngadi Group Power Ltd.,396.7,398.1,400.0,395.0,396.1,0.1515,98514.0,39069042.7,209.0,396.58,502.0,343.0,2026-10-01T14:59:59.209197,2743,0
2026-10-01,NHDL,Nepal Hydro Developers Ltd.,635.0,627.0,643.5,627.0,643.0,-1.2442,3210.0,2032003.4,24.0,633.02,796.0,606.2,2026-10-01T14:59:44.193831,2769,0
2026-10-01,NHPC,National Hydro Power Company Limited,261.6,263.9,268.8,258.1,260.0,0.6154,199421.0,52555316.3,335.0,263.53,340.0,179.7,2026-10-01T14:59:43.246752,152,1
2026-10-01,NIBLGF,NIBL Growth Fund,8.81,8.73,8.81,8.73,8.71,1.1481,1775.0,15509.75,8.0,8.73,11.81,8.1,2026-10-01T14:30:35.807109,9138,0
2026-10-01,NIBLSTF,NIBL Stable Fund,8.46,8.41,8.5,8.41,8.63,-1.9699,17560.0,148777.5,18.0,8.47,10.85,8.0,2026-10-01T14:51:59.947877,9244,0
2026-10-01,NIBSF2,NIBL Samriddhi Fund -2,8.63,8.63,8.63,8.63,8.57,0.7001,100.0,863.0,1.0,8.63,11.13,8.1,2026-10-01T14:10:01.738417,4949,0
2026-10-01,NICA,NIC Asia Bank Ltd.,313.4,312.0,315.0,311.0,312.0,0.4487,41683.0,13026029.7,162.0,312.5,411.0,302.9,2026-10-01T14:59:32.074215,139,0
2026-10-01,NICAD2091,7% NIC ASIA Debenture 2091,1086.0,1086.0,1086.0,1086.0,1076.5,0.8825,50.0,54300.0,1.0,1086.0,1106.0,1005.2,2026-10-01T14:58:46.078606,9266,0
2026-10-01,NICD88,NIC ASIA Rinpatra 2088,1117.5,1117.5,1117.5,1117.5,1085.0,2.9954,500.0,558750.0,2.0,1117.5,1153.0,1043.0,2026-10-01T12:40:45.531696,7986,0
2026-10-01,NICFC,NIC Asia Flexi CAP Fund,8.98,8.92,8.98,8.92,8.93,0.5599,5550.0,49814.0,7.0,8.97,9.89,8.37,2026-10-01T14:55:39.328386,8073,0
2026-10-01,NICGF2,NIC ASIA Growth Fund-2,8.88,8.76,9.02,8.76,8.99,-1.2236,2400.0,21484.93,9.0,8.95,10.13,8.14,2026-10-01T14:19:50.399257,9236,0
2026-10-01,NICL,Nepal Insurance Co. Ltd.,446.0,440.2,449.9,440.2,445.0,0.2247,1590.0,704303.2,31.0,442.95,575.0,408.0,2026-10-01T14:57:16.051187,176,0
2026-10-01,NICLBSL,NIC ASIA Laghubitta Bittiya Sanstha Limited,508.0,512.5,512.5,500.2,503.9,0.8137,1881.0,946941.9,55.0,503.42,679.0,490.0,2026-10-01T14:56:45.98169,2887,0
2026-10-01,NICSF,NIC Asia Select Fund 30,8.5,8.31,8.54,8.31,8.32,2.1635,5490.0,46535.2,9.0,8.47,9.97,8.04,2026-10-01T14:57:02.023711,4967,0
2026-10-01,NIFRA,Nepal Infrastructure Bank Limited,245.7,247.0,249.0,245.1,247.0,-0.5263,59444.0,14630956.8,321.0,246.13,299.0,232.0,2026-10-01T14:59:58.389805,2919,0
2026-10-01,NIL,Neco Insurance Limited,525.3,528.0,530.7,525.0,528.6,-0.6243,5253.0,2773318.4,47.0,527.94,685.0,502.8,2026-10-01T14:59:59.044935,183,0
2026-10-01,NIMB,Nepal Investment Mega Bank Limited,192.0,191.0,193.6,190.0,191.0,0.5236,109442.0,21008348.0,233.0,191.95,232.5,181.0,2026-10-01T14:59:52.531078,132,0
2026-10-01,NIMBPO,Nepal Investment Mega Bank Ltd. Promoter Share,143.9,140.7,143.9,140.6,143.0,0.6294,8125.0,1142947.0,4.0,140.67,174.9,134.1,2026-10-01T14:59:34.565351,469,0
2026-10-01,NLG,NLG Insurance Company Ltd.,502.9,505.0,509.0,496.1,505.0,-0.4158,7159.0,3589071.5,44.0,501.33,770.0,477.1,2026-10-01T14:59:27.770874,559,0
2026-10-01,NLIC,Nepal Life Insurance Co. Ltd.,727.9,727.0,739.0,721.0,727.8,0.0137,12131.0,8813759.9,150.0,726.54,872.0,680.5,2026-10-01T14:59:57.859744,187,0
2026-10-01,NLICL,National Life Insurance Co. Ltd.,569.9,552.1,575.0,552.1,568.0,0.3345,4692.0,2661131.4,24.0,567.16,644.0,538.4,2026-10-01T14:55:14.059074,178,0
2026-10-01,NMB,NMB Bank Limited,255.5,254.0,257.0,254.0,254.3,0.4719,107408.0,27404379.0,221.0,255.14,272.0,230.0,2026-10-01T14:59:54.565638,238,0
2026-10-01,NMBHF2,NMB Hybrid Fund L- II,8.93,8.75,9.01,8.75,9.01,-0.8879,700.0,6233.0,5.0,8.9,10.2,8.36,2026-10-01T14:13:55.952424,9254,0
2026-10-01,NMBMF,NMB  Microfinance Bittiya Sanstha Ltd.,592.1,586.1,592.2,586.0,594.0,-0.3199,766.0,451967.9,7.0,590.03,750.0,570.0,2026-10-01T14:55:44.892262,704,0
2026-10-01,NMFBS,National Laghubitta Bittiya Sanstha Limited,1195.0,1182.0,1199.0,1182.0,1181.2,1.1683,4491.0,5351108.4,38.0,1191.51,1370.0,1051.9,2026-10-01T14:59:27.954752,2746,0
2026-10-01,NMIC,Nepal Micro Insurance Company Limited,796.0,778.0,804.0,778.0,798.1,-0.2631,1549.0,1236835.1,54.0,798.47,1525.0,765.3,2026-10-01T14:57:44.593889,9250,0
2026-10-01,NMLBBL,Nerude Mirmire Laghubitta Bittiya Sanstha Limited,507.7,495.0,510.0,488.0,495.0,2.5657,24280.0,12334645.1,54.0,508.01,697.6,468.4,2026-10-01T14:58:12.865521,396,0
2026-10-01,NRIC,Nepal Reinsurance Company Limited,803.0,800.1,809.4,795.5,806.0,-0.3722,12529.0,10017722.5,142.0,799.56,1465.0,765.9,2026-10-01T14:59:50.408144,2881,0
2026-10-01,NRM,Nepal Republic Media Limited,290.0,280.7,290.0,280.7,287.9,0.7294,6286.0,1799514.0,75.0,286.27,470.0,270.9,2026-10-01T14:59:47.052348,9183,0
2026-10-01,NRN,NRN Infrastructure and Development Limited,1382.0,1350.0,1410.0,1350.0,1380.0,0.1449,23226.0,32213257.5,187.0,1386.94,2175.0,1280.0,2026-10-01T14:59:58.143663,2898,0
2026-10-01,NSIF2,NMB Sulav Investment Fund - 2,10.09,9.91,10.09,9.91,10.09,0.0,4674.0,47059.66,7.0,10.06,11.45,9.65,2026-10-01T14:43:24.092783,8125,0
2026-10-01,NSY,Nepal Life Samriddhi Lagani Yojana,8.91,8.84,9.0,8.84,9.0,-1.0,2900.0,25806.0,15.0,8.89,10.19,8.8,2026-10-01T14:33:23.658876,9312,0
2026-10-01,NTC,Nepal Doorsanchar Company Limited,906.1,910.0,912.0,902.2,910.0,-0.4286,9215.0,8377150.1,111.0,909.07,942.5,831.0,2026-10-01T14:59:40.458126,307,0
2026-10-01,NUBL,Nirdhan Utthan Laghubitta Bittiya Sanstha Limited,591.3,597.0,597.0,590.1,597.0,-0.9548,1510.0,893567.9,14.0,591.76,802.0,555.1,2026-10-01T14:57:30.34094,163,0
2026-10-01,NWCL,Nepal Warehousing Company Limited ,579.2,585.0,590.0,579.0,588.0,-1.4966,2591.0,1512396.0,36.0,583.71,1045.0,571.0,2026-10-01T14:58:49.508529,9233,0
2026-10-01,NYADI,Nyadi Hydropower Limited,347.4,345.0,353.0,343.0,349.0,-0.4585,3061.0,1057939.3,59.0,345.61,482.0,335.3,2026-10-01T14:59:52.675932,8026,0
2026-10-01,OHL,Oriental Hotels Limited,623.0,625.0,625.0,621.0,625.0,-0.32,225.0,139906.0,8.0,621.8,785.0,590.0,2026-10-01T14:41:55.278733,149,0
2026-10-01,OMPL,Om Megashree Pharmaceuticals Limited,856.9,855.0,900.0,845.2,852.0,0.5751,6984.0,5933824.6,112.0,849.63,1575.9,845.2,2026-10-01T14:58:52.463244,9256,0
2026-10-01,PBD85,8.75 % Prime Debenture 2085,1115.0,1115.0,1115.0,1115.0,1115.0,0.0,865.0,964475.0,2.0,1115.0,1150.0,1060.0,2026-10-01T14:13:18.948996,6984,0
2026-10-01,PBD88,10% Prime Debenture 2088,1181.0,1185.0,1185.0,1161.1,1186.0,-0.4216,35.0,41076.5,3.0,1173.61,1285.0,1145.0,2026-10-01T14:52:53.458525,8097,0
2026-10-01,PBD93,"6.25% Prime Bank Debenture, 2093",1131.0,1070.0,1159.0,1070.0,1100.0,2.8182,19411.0,22093871.5,139.0,1138.21,1160.0,996.0,2026-10-01T14:59:48.781878,9354,0
2026-10-01,PBLD84,10% Prabhu Bank Debenture 2084 ,1095.0,1095.0,1095.0,1095.0,1100.0,-0.4545,50.0,54750.0,1.0,1095.0,1158.4,1057.2,2026-10-01T14:38:57.394964,2904,0
2026-10-01,PCBL,Prime Commercial Bank Ltd.,261.0,259.8,262.0,257.2,258.2,1.0844,156981.0,40785171.0,281.0,259.8,275.9,225.0,2026-10-01T14:59:58.745952,357,0
2026-10-01,PCIL,Palpa Cement Industries Limited,617.2,600.0,626.0,600.0,616.3,0.146,31435.0,19496467.4,655.0,620.21,1280.0,300.0,2026-10-01T14:59:56.165107,9330,0
2026-10-01,PFL,Pokhara Finance Ltd.,339.0,337.0,340.5,336.0,336.5,0.7429,10152.0,3443568.4,72.0,339.2,443.0,335.0,2026-10-01T14:59:59.347679,236,0
2026-10-01,PHCL,Peoples Hydropower Company Limited,340.5,323.8,344.0,323.8,333.8,2.0072,430430.0,145869254.0,1169.0,338.89,405.9,249.7,2026-10-01T14:59:59.058285,8133,1
2026-10-01,PMHPL,Panchakanya Mai Hydropower Ltd,300.0,300.0,300.0,296.5,302.0,-0.6623,8195.0,2445813.9,44.0,298.45,428.0,287.0,2026-10-01T14:59:42.216908,2786,0
2026-10-01,PMLI,Prabhu Mahalaxmi Life Insurance Limited,419.3,416.0,424.7,416.0,422.0,-0.6398,7478.0,3145114.1,82.0,420.58,543.6,392.6,2026-10-01T14:56:15.731929,2915,0
2026-10-01,PMLIP,Prabhu Mahalaxmi Life Insurance Limited promotor,232.0,232.0,232.0,232.0,232.0,0.0,1300.0,301600.0,1.0,232.0,300.0,255.0,2026-10-01T12:58:41.481108,9237,0
2026-10-01,PPCL,Panchthar Power Compant Limited,333.0,314.5,333.1,314.5,331.0,0.6042,10830.0,3587930.5,47.0,331.29,462.0,284.1,2026-10-01T14:59:32.802469,2813,0
2026-10-01,PPL,People's Power Limited,325.1,302.1,329.0,302.1,318.0,2.2327,33891.0,10942414.0,202.0,322.87,425.0,263.2,2026-10-01T14:59:59.183723,8122,0
2026-10-01,PRIN,Prabhu Insurance Ltd.,590.0,590.0,591.0,585.0,590.0,0.0,5275.0,3109674.8,43.0,589.51,794.9,564.4,2026-10-01T14:59:42.594024,184,0
2026-10-01,PROFL,Progressive Finance Limited,386.0,389.0,390.6,381.3,385.0,0.2597,2528.0,976332.6,15.0,386.2,522.0,360.1,2026-10-01T14:59:47.790096,338,0
2026-10-01,PRSF,Prabhu Smart Fund,12.03,11.89,12.04,11.89,11.88,1.2626,24800.0,298244.72,10.0,12.02,13.61,9.85,2026-10-01T14:13:43.53991,9174,0
2026-10-01,PRVU,Prabhu  Bank Limited,187.0,185.0,187.5,184.1,185.3,0.9174,87890.0,16335690.0,237.0,185.86,235.6,169.7,2026-10-01T14:59:59.659949,255,0
2026-10-01,PSF,Prabhu Select Fund,10.9,10.84,10.92,10.84,10.82,0.7394,5625.0,61263.5,9.0,10.89,13.0,9.91,2026-10-01T14:56:09.441646,4947,0
2026-10-01,PURE,Pure Energy Limited,786.8,780.0,795.0,780.0,794.7,-0.9941,2645.0,2080337.3,50.0,786.51,1262.0,662.0,2026-10-01T14:58:34.3921,9258,0
2026-10-01,RADHI,Radhi Bidyut Company Ltd,712.9,725.0,725.0,705.0,720.0,-0.9861,75144.0,53819025.4,123.0,716.21,940.0,618.8,2026-10-01T14:58:57.844091,2776,0
2026-10-01,RAWA,Rawa Energy Development Limited,412.0,411.1,419.0,411.1,412.0,0.0,8843.0,3663010.2,82.0,414.22,851.7,379.0,2026-10-01T14:59:47.014632,9181,0
2026-10-01,RBBD2088,7% RBBL Debenture 2088,1103.0,1071.0,1103.0,1071.0,1070.0,3.0841,195.0,214505.0,4.0,1100.02,1157.0,994.1,2026-10-01T13:55:50.863229,9264,0
2026-10-01,RBBF40,RBB Focus 40,9.0,8.91,9.0,8.91,8.91,1.0101,3900.0,35050.0,7.0,8.98,10.36,8.73,2026-10-01T14:53:03.859562,9302,0
2026-10-01,RBCL,Rastriya Beema Company Limited,13801.0,13999.0,14069.0,13801.0,14000.0,-1.4214,61.0,848829.0,6.0,13915.22,16261.0,13106.0,2026-10-01T14:57:31.891566,177,0
2026-10-01,RFPL,River Falls Power Limited,332.1,326.8,333.9,326.8,330.0,0.6364,11013.0,3638793.3,87.0,330.4,464.2,306.0,2026-10-01T14:59:59.386336,8066,0
2026-10-01,RHGCL,Rapti Hydro And General Construction Limited,260.0,255.5,260.2,255.5,259.8,0.077,9144.0,2362192.3,100.0,258.33,353.0,217.2,2026-10-01T14:59:33.868218,8108,0
2026-10-01,RHPL,RASUWAGADHI HYDROPOWER COMPANY LIMITED,168.0,166.4,170.0,166.4,168.0,0.0,35903.0,6048306.9,175.0,168.46,325.0,156.0,2026-10-01T14:59:57.287608,2841,0
2026-10-01,RIDI,Ridi Power Company Limited,338.0,339.0,341.0,336.5,339.0,-0.295,124749.0,42243962.4,320.0,338.63,415.0,214.0,2026-10-01T14:59:58.52854,610,0
2026-10-01,RLEL,Ridge Line Energy Limited,740.9,730.0,745.0,722.7,717.0,3.3333,9943.0,7333828.6,214.0,737.58,1592.3,300.0,2026-10-01T14:59:58.470875,9324,0
2026-10-01,RLFL,Reliance Finance Ltd.,416.1,410.0,423.0,408.3,416.0,0.024,10359.0,4315423.2,52.0,416.58,514.9,396.8,2026-10-01T14:57:42.549364,587,0
2026-10-01,RMF1,RBB Mutual Fund 1,9.01,9.01,9.2,9.01,8.99,0.2225,5550.0,50139.2,9.0,9.03,11.02,8.71,2026-10-01T14:49:58.280562,4968,0
2026-10-01,RMF2,RBB Mutual Fund 2,9.22,9.46,9.46,9.22,9.19,0.3264,2100.0,19842.0,2.0,9.44,10.71,8.84,2026-10-01T14:44:48.096689,9178,0
2026-10-01,RNLI,Reliable Nepal Life Insurance Limited,437.8,435.2,440.0,435.2,438.2,-0.0913,11333.0,4962960.7,207.0,437.92,520.2,402.0,2026-10-01T14:59:36.167251,9199,0
2026-10-01,RSDC,RSDC Laghubitta Bittiya Sanstha Ltd.,616.0,612.0,621.0,612.0,615.0,0.1626,2287.0,1408036.2,29.0,615.66,763.0,578.7,2026-10-01T14:59:10.68473,2748,0
2026-10-01,RSML,Reliance Spinning Mills Limited,2739.9,2701.0,2779.0,2699.0,2738.9,0.0365,54374.0,147977697.6,499.0,2721.47,5049.0,300.0,2026-10-01T14:59:59.067593,9306,0
2026-10-01,RSY,Reliable Samriddhi Yojana,9.28,9.4,9.4,9.25,9.45,-1.7989,500.0,4673.0,3.0,9.34,10.7,8.72,2026-10-01T14:42:15.607711,9259,0
2026-10-01,RSY2,Reliable Samriddhi Yojana -2,8.85,8.7,9.09,8.7,8.82,0.3401,58240.0,515496.6,30.0,8.85,10.0,8.42,2026-10-01T14:59:35.806791,9351,0
2026-10-01,RURU,Ru Ru Jalbidhyut Pariyojana Limited,607.0,579.1,618.0,579.0,589.0,3.056,10193.0,6085296.5,92.0,597.0,830.0,560.1,2026-10-01T14:59:59.772881,2935,0
2026-10-01,SABBL,Salapa Bikas Bank Limited,850.0,842.0,859.0,842.0,850.2,-0.0235,6284.0,5345380.2,171.0,850.63,2000.0,300.0,2026-10-01T14:59:46.209681,9305,0
2026-10-01,SADBL,Shangrila Development Bank Ltd.,393.9,391.2,393.9,390.3,391.7,0.5617,23871.0,9360525.1,60.0,392.12,463.0,376.0,2026-10-01T14:59:46.7202,472,0
2026-10-01,SAEF2,Sanima Equity Fund-2,9.02,9.0,9.19,9.0,9.04,-0.2212,5700.0,51904.0,24.0,9.1,10.0,8.76,2026-10-01T14:55:26.399137,9349,0
2026-10-01,SAGAR,Sagar Distillery Limited,1590.0,1577.0,1605.0,1566.0,1578.0,0.7605,2202.0,3499900.3,62.0,1589.41,2439.0,319.5,2026-10-01T14:59:56.297487,9294,0
2026-10-01,SAGF,Sanima Growth Fund,9.4,9.4,9.4,9.4,9.41,-0.1063,300.0,2820.0,2.0,9.4,11.31,8.79,2026-10-01T14:20:07.157929,9139,0
2026-10-01,SAHAS,Sahas Urja Limited,688.0,680.0,691.8,680.0,689.0,-0.1451,70766.0,48771662.7,308.0,689.19,725.0,535.3,2026-10-01T14:59:57.057639,8021,0
2026-10-01,SAIL,Shreenagar Agritech Industries Limited,978.8,1013.2,1013.2,967.2,965.0,1.4301,14652.0,14345698.3,205.0,979.09,1690.0,301.7,2026-10-01T14:59:18.182737,9301,0
2026-10-01,SALICO,Sagarmatha Lumbini Insurance Co. Limited,528.1,530.0,537.5,527.1,530.0,-0.3585,2620.0,1386558.1,33.0,529.22,695.0,512.0,2026-10-01T14:58:49.169741,185,0
2026-10-01,SANIMA,Sanima Bank Limited,363.0,362.0,366.0,361.0,363.5,-0.1376,50305.0,18328127.5,199.0,364.34,390.6,295.0,2026-10-01T14:59:35.353982,171,0
2026-10-01,SANVI,Sanvi Energy Limited,520.0,525.0,534.0,515.6,530.0,-1.8868,26070.0,13680841.9,210.0,524.77,1060.0,525.0,2026-10-01T14:58:31.85356,9263,0
2026-10-01,SAPDBL,Saptakoshi Development Bank Ltd,600.0,619.7,619.7,588.0,590.2,1.6605,10277.0,6150320.9,108.0,598.45,1065.7,556.7,2026-10-01T14:59:59.728424,2860,0
2026-10-01,SAPIL,Sarvottam Paints Industries Limited,1279.0,1280.0,1317.0,1226.0,1300.0,-1.6154,42121.0,52655040.7,682.0,1250.08,1604.0,300.0,2026-10-01T14:59:59.081226,9353,0
2026-10-01,SARBTM,Sarbottam Cement Limited,816.0,814.0,838.4,801.5,814.0,0.2457,17433.0,14249535.4,88.0,817.38,942.4,750.0,2026-10-01T14:59:58.163334,9242,0
2026-10-01,SBCF,Sunrise Bluechip Fund,9.19,9.01,9.25,8.98,9.27,-0.863,1600.0,14458.0,7.0,9.03,11.16,8.73,2026-10-01T14:59:25.782145,2937,0
2026-10-01,SBD87,8.5% Sanima Debenture 2087,1093.0,1093.0,1093.0,1093.0,1062.0,2.919,30.0,32790.0,1.0,1093.0,1210.0,1062.0,2026-10-01T14:26:45.397714,2922,0
2026-10-01,SBI,Nepal SBI Bank Limited,403.0,402.0,403.0,398.2,400.0,0.75,9820.0,3934552.6,55.0,400.66,441.0,368.0,2026-10-01T14:59:56.458811,135,0
2026-10-01,SBID2090,7% Nepal SBI Bank Debenture 2090,1125.0,1125.0,1125.0,1125.0,1125.0,0.0,50.0,56250.0,2.0,1125.0,1184.5,1000.0,2026-10-01T14:11:39.378429,9289,0
2026-10-01,SBID89,9% Nepal SBI Bank Rinpatra 2089,1145.0,1145.0,1145.0,1145.0,1145.0,0.0,25.0,28625.0,1.0,1145.0,1266.0,1100.0,2026-10-01T12:21:44.870543,9211,0
2026-10-01,SBL,Siddhartha Bank Limited,459.9,457.0,460.1,456.2,455.4,0.9881,666560.0,305335453.3,1597.0,458.07,460.0,320.5,2026-10-01T14:59:59.302103,145,1
2026-10-01,SCB,Standard Chartered Bank Limited,661.0,659.0,663.0,657.1,659.0,0.3035,6880.0,4536474.5,78.0,659.37,712.6,603.0,2026-10-01T14:59:05.795885,133,0
2026-10-01,SEF,Siddhartha Equity Fund,9.6,9.75,9.75,9.6,9.75,-1.5385,2500.0,24135.0,3.0,9.65,11.53,8.6,2026-10-01T14:20:20.992338,2770,0
2026-10-01,SEF2,Siddhartha Equity Fund 2,9.02,8.92,9.17,8.92,9.1,-0.8791,5240.0,47569.8,28.0,9.07,10.0,8.5,2026-10-01T14:56:59.977246,9348,0
2026-10-01,SFEF,Sunrise Focused Equity Fund,9.0,8.96,9.0,8.96,8.92,0.8969,10100.0,90896.0,3.0,8.99,10.65,8.4,2026-10-01T14:55:20.225373,9154,0
2026-10-01,SFMF,Sunrise First Mutual Fund,9.11,9.11,9.11,9.11,9.1,0.1099,1000.0,9110.0,2.0,9.11,11.01,8.96,2026-10-01T14:31:39.628584,2877,0
2026-10-01,SGHC,Swet-Ganga Hydropower & Construction Limited ,294.0,289.0,297.0,288.1,289.1,1.6949,24962.0,7263552.3,128.0,290.98,487.6,280.0,2026-10-01T14:59:42.996645,8100,0
2026-10-01,SGHL,Sanigad Hydro Limited,471.9,471.0,479.0,467.3,473.9,-0.422,29410.0,13856130.1,887.0,471.13,587.0,299.3,2026-10-01T14:59:57.983185,9345,0
2026-10-01,SGIC,Sanima GIC Insurance Limited,385.8,380.0,385.9,378.2,382.7,0.81,4144.0,1586670.7,83.0,382.88,538.5,370.3,2026-10-01T14:59:39.237609,2908,0
2026-10-01,SHEL,Singati Hydro Energy Limited,299.9,298.0,302.3,297.5,296.7,1.0785,93463.0,28031530.5,300.0,299.92,361.0,262.0,2026-10-01T14:59:49.230876,2934,0
2026-10-01,SHINE,Shine Resunga Development Bank Ltd.,396.6,394.4,399.1,391.0,396.9,-0.0756,41622.0,16440344.5,150.0,394.99,449.7,384.0,2026-10-01T14:59:48.478033,473,0
2026-10-01,SHINED,Shine Resunga Debenture,1125.0,1125.0,1125.0,1125.0,1125.0,0.0,25.0,28125.0,1.0,1125.0,1200.0,1000.0,2026-10-01T13:19:34.673607,9286,0
2026-10-01,SHIVM,SHIVAM CEMENTS LTD,685.0,685.0,689.5,680.1,684.5,0.073,134118.0,91965928.3,425.0,685.7,737.1,546.6,2026-10-01T14:59:51.960156,2809,0
2026-10-01,SHL,Soaltee Hotel Limited,509.8,510.0,515.0,508.0,509.1,0.1375,20385.0,10375995.9,68.0,509.0,559.8,464.0,2026-10-01T14:52:26.709395,147,0
2026-10-01,SHLB,Shrijanshil Laghubitta Bittiya Sanstha Limited,1277.2,1227.6,1277.2,1227.6,1245.1,2.5781,140.0,174576.0,9.0,1246.97,1961.0,1215.3,2026-10-01T14:59:53.195441,8132,0
2026-10-01,SHPC,Sanima Mai Hydropower Ltd.,531.0,531.0,533.9,525.8,529.6,0.2644,40120.0,21205484.5,122.0,528.55,588.0,475.0,2026-10-01T14:59:58.931148,591,0
2026-10-01,SICL,Shikhar Insurance Co. Ltd.,540.1,540.0,550.0,540.0,541.0,-0.1664,3164.0,1711888.6,37.0,541.05,690.0,508.0,2026-10-01T14:55:19.526384,192,0
2026-10-01,SIFC,Shree Investment Finance Co. Ltd.,478.0,478.0,479.9,472.1,479.0,-0.2088,14050.0,6707210.4,31.0,477.38,687.4,450.0,2026-10-01T14:59:59.005999,244,0
2026-10-01,SIGS3,Siddhartha Investment Growth Scheme 3,10.34,10.35,10.35,10.15,10.33,0.0968,1670.0,17198.5,7.0,10.29,11.58,8.52,2026-10-01T14:44:08.470916,9182,0
2026-10-01,SIKLES,Sikles Hydropower Limited,563.5,564.0,567.0,563.0,563.0,0.0888,4685.0,2643177.9,50.0,564.17,720.0,536.3,2026-10-01T14:59:57.030937,8126,0
2026-10-01,SINDU,Sindhu Bikash Bank Ltd,489.9,422.7,493.0,400.0,444.9,10.1146,73156.0,31052389.3,451.0,424.46,919.9,329.8,2026-10-01T14:59:58.925594,561,0
2026-10-01,SIPD,Shikhar power Development Limited,560.3,532.0,562.0,526.1,538.0,4.145,16783.0,9236307.4,356.0,550.33,1216.8,284.3,2026-10-01T14:59:59.92674,9329,0
2026-10-01,SJCL,SANJEN JALAVIDHYUT COMPANY LIMITED,242.0,239.0,242.0,235.5,239.0,1.2552,12767.0,3064001.3,87.0,239.99,365.0,214.2,2026-10-01T14:59:49.584266,2842,0
2026-10-01,SJLIC,SuryaJyoti Life Insurance Company Limited,419.0,411.2,419.0,411.2,418.4,0.1434,5558.0,2318889.1,120.0,417.21,489.9,386.0,2026-10-01T14:59:54.787805,403,0
2026-10-01,SKBBL,Sana Kisan Bikas Laghubitta Bittiya Sanstha Limited,763.0,769.0,769.0,760.0,766.0,-0.3916,4990.0,3815173.5,43.0,764.56,910.0,735.0,2026-10-01T14:59:49.958853,574,0
2026-10-01,SKHEL,Suryakunda Hydro Electric Limited,806.0,804.0,806.9,791.0,804.0,0.2488,1547.0,1235289.2,61.0,798.5,2069.4,284.3,2026-10-01T14:59:57.475652,9325,0
2026-10-01,SKHL,Super Khudi Hydropower Limited,718.0,715.0,736.4,715.0,715.0,0.4196,5543.0,3994092.8,155.0,720.56,1360.0,300.0,2026-10-01T14:59:55.123026,9323,0
2026-10-01,SLBBL,Swarojgar Laghubitta Bittiya Sanstha Ltd.,823.9,816.0,826.8,815.0,816.0,0.9681,5276.0,4318199.5,53.0,818.46,960.6,761.9,2026-10-01T14:59:59.93365,545,0
2026-10-01,SLBSL,Samudayik Laghubitta Bittiya Sanstha Limited,885.0,895.0,895.0,885.0,895.0,-1.1173,480.0,425826.6,8.0,887.13,1508.1,840.0,2026-10-01T14:39:40.844931,2804,0
2026-10-01,SLCF,Sanima Large Cap Fund,9.12,9.02,9.24,9.02,9.27,-1.6181,6150.0,56103.5,9.0,9.12,10.7,8.8,2026-10-01T13:59:06.823205,2923,0
2026-10-01,SMATA,Samata Gharelu Laghubitta Bittiya Sanstha Limited,685.0,673.0,685.0,673.0,683.0,0.2928,2293.0,1557200.6,38.0,679.11,955.0,665.1,2026-10-01T14:59:44.162754,2761,0
2026-10-01,SMB,Support Microfinance Bittiya Sanstha Ltd.,1801.0,1844.5,1845.0,1801.0,1831.0,-1.6384,526.0,959494.0,13.0,1824.13,2310.3,1699.0,2026-10-01T14:34:02.834844,2771,0
2026-10-01,SMFBS,Swabhimaan Laghubitta Bittiya Sanstha Limited,1330.1,1371.0,1412.0,1330.1,1405.0,-5.331,406.0,559766.3,14.0,1378.73,1808.0,1285.0,2026-10-01T14:46:23.480954,2829,0
2026-10-01,SMH,Super Mai Hydropower Limited,508.4,502.0,515.0,502.0,504.0,0.873,6528.0,3318738.4,44.0,508.38,1024.8,482.6,2026-10-01T14:59:56.748416,9148,0
2026-10-01,SMHL,Super Madi Hydropower Limited,470.4,469.0,472.9,466.2,466.0,0.9442,42858.0,20189507.7,140.0,471.07,897.0,443.0,2026-10-01T14:59:44.81368,9146,0
2026-10-01,SMJC,Sagarmatha Jalabidhyut Company Limited,404.5,405.0,409.0,400.0,403.0,0.3722,12138.0,4893470.5,103.0,403.15,563.0,393.0,2026-10-01T14:59:57.378181,9159,0
2026-10-01,SMPDA,Sampada Laghubitta Bittiya Sanstha Limited,722.1,732.2,733.0,722.1,732.2,-1.3794,1072.0,777509.8,28.0,725.28,1064.0,707.0,2026-10-01T14:57:55.718523,2896,0
2026-10-01,SNLI,Sun Nepal Life Insurance Company Limited,412.7,433.6,433.6,406.5,413.0,-0.0726,13138.0,5414952.2,222.0,412.15,528.3,375.0,2026-10-01T14:59:58.226606,9201,0
2026-10-01,SNORL,Snow Rivers Limited,843.9,853.0,870.0,828.0,879.0,-3.9932,22348.0,18852335.2,200.0,843.58,1057.0,298.7,2026-10-01T14:59:58.958063,9344,0
2026-10-01,SOHL,Solu Hydropower Limited,630.0,638.0,640.0,618.2,638.0,-1.2539,138798.0,87014710.8,1078.0,626.91,875.5,300.0,2026-10-01T14:59:59.20981,9311,0
2026-10-01,SONA,Sonapur Minerals And Oil Limited,420.0,420.0,424.4,417.0,420.0,0.0,157977.0,66617898.6,526.0,421.69,510.0,380.0,2026-10-01T14:59:54.780782,9216,0
2026-10-01,SOPL,Sopan Pharmaceuticals Limited,662.1,683.0,699.9,653.0,690.0,-4.0435,57350.0,38519494.8,934.0,671.65,1217.0,276.5,2026-10-01T14:59:56.280084,9336,0
2026-10-01,SPC,Samling Power Company Limited,388.6,393.0,395.0,365.0,392.9,-1.0944,11553.0,4425300.1,66.0,383.04,577.0,361.7,2026-10-01T14:59:19.596189,8025,0
2026-10-01,SPDL,Synergy Power Development Ltd.,347.8,362.2,362.2,343.1,345.0,0.8116,25878.0,8968395.4,175.0,346.56,474.0,326.0,2026-10-01T14:58:59.743176,2759,0
2026-10-01,SPHL,Sayapatri Hydropower Limited,524.0,551.0,565.0,510.0,580.0,-9.6552,21299.0,11145870.7,253.0,523.3,708.0,474.0,2026-10-01T14:59:57.869111,8121,0
2026-10-01,SPIL,Siddhartha Premier Insurance Limited,608.0,605.4,617.0,605.0,609.0,-0.1642,3641.0,2212111.3,26.0,607.55,770.7,560.1,2026-10-01T14:49:26.771603,182,0
2026-10-01,SPL,Shuvam Power Limited,591.8,571.1,592.0,571.1,588.0,0.6463,2080.0,1201491.5,32.0,577.64,984.6,570.0,2026-10-01T14:59:58.095725,9147,0
2026-10-01,SRBLD83,10.25% Sunrise Bank Debenture 2083,1031.0,1025.0,1031.0,1025.0,1038.0,-0.6744,1000.0,1027300.0,5.0,1027.3,1125.0,1006.1,2026-10-01T13:28:42.920785,2878,0
2026-10-01,SRLI,Sanima Reliance Life Insurance Limited,369.1,368.0,372.9,368.0,371.8,-0.7262,8522.0,3148965.2,157.0,369.51,437.7,348.0,2026-10-01T14:59:08.423346,5982,0
2026-10-01,SRLIP,Sanima Reliance Life Insurance Limited Promoter Share,196.0,196.0,196.0,196.0,197.6,-0.8097,18199.0,3567004.0,1.0,196.0,218.0,197.6,2026-10-01T13:52:46.563613,5983,0
2026-10-01,SSHL,Shiva Shree Hydropower Ltd,208.6,208.9,212.0,205.0,205.8,1.3605,215602.0,45276606.2,509.0,210.0,251.0,151.0,2026-10-01T14:59:54.608073,2907,1
2026-10-01,STC,Salt Trading Corporation,5555.9,5555.5,5556.0,5555.5,5625.0,-1.2284,48.0,266813.0,7.0,5558.6,6335.9,4997.1,2026-10-01T13:33:59.894191,155,0
2026-10-01,SWASTIK,Swastik Laghubitta Bittiya Sanstha Limited,1761.0,1790.0,1790.0,1757.0,1790.0,-1.6201,147.0,259057.0,14.0,1762.29,3400.0,391.7,2026-10-01T14:55:02.878076,9295,0
2026-10-01,SWBBL,Swabalamban Laghubitta Bittiya Sanstha Limited,695.1,697.3,703.0,695.1,700.0,-0.7,4871.0,3397061.9,42.0,697.4,848.0,630.5,2026-10-01T14:59:52.466415,268,0
2026-10-01,SWMF,Suryodaya Womi Laghubitta Bittiya Sanstha Limited,607.8,600.9,608.0,596.5,602.0,0.9635,2585.0,1549401.2,28.0,599.38,754.0,571.1,2026-10-01T14:59:50.121348,706,0
2026-10-01,SYPNL,SY Panel Nepal Limited,1374.0,1350.0,1399.9,1350.0,1350.0,1.7778,102922.0,142219094.4,1142.0,1381.81,2255.9,319.8,2026-10-01T14:59:59.885116,9303,1
2026-10-01,TAMOR,Sanima Middle Tamor Hydropower Limited,526.7,520.0,530.0,520.0,528.9,-0.416,87294.0,45950506.0,257.0,526.38,558.0,396.4,2026-10-01T14:59:58.663113,9156,0
2026-10-01,TPC,Terhathum Power Company Limited,359.0,352.0,361.2,352.0,358.0,0.2793,12450.0,4480566.0,61.0,359.88,450.0,270.1,2026-10-01T14:59:34.301024,8022,0
2026-10-01,TPKHL,Taksar Pikhuwa Khola Hydropower Limited,488.0,489.0,489.0,480.1,489.0,-0.2045,12032.0,5819944.2,419.0,483.7,772.5,300.0,2026-10-01T14:59:56.570107,9343,0
2026-10-01,TRH,Taragaon Regency Hotel Limited,802.3,817.0,817.0,800.0,812.5,-1.2554,432.0,346868.0,7.0,802.93,853.9,681.1,2026-10-01T14:59:18.282388,148,0
2026-10-01,TSHL,Three Star Hydropower Limited,341.5,337.0,350.0,337.0,342.8,-0.3792,1971.0,675206.9,31.0,342.57,900.0,308.1,2026-10-01T14:59:58.244485,9194,0
2026-10-01,TTL,Trade Tower Limited,673.0,670.0,678.0,670.0,678.0,-0.7375,8899.0,6001873.8,182.0,674.44,1173.0,665.0,2026-10-01T14:59:46.619546,9262,0
2026-10-01,TVCL,Trishuli Jal Vidhyut Company Limited ,290.0,308.0,308.0,278.4,294.0,-1.3605,7262.0,2073890.5,48.0,285.58,689.0,268.1,2026-10-01T14:59:31.755198,9218,0
2026-10-01,UAIL,United Ajod Insurance Limited,365.2,367.0,372.0,365.0,366.3,-0.3003,13280.0,4887906.8,155.0,368.06,519.1,354.1,2026-10-01T14:59:27.189987,180,0
2026-10-01,UHEWA,Upper Hewakhola Hydropower Company Limited,586.0,584.0,589.9,584.0,584.0,0.3425,7682.0,4506942.1,46.0,586.68,692.6,521.0,2026-10-01T14:59:09.421292,8099,0
2026-10-01,ULBSL,Upakar Laghubitta Bittiya Sanstha Limited,2544.0,2521.9,2544.0,2470.2,2529.0,0.5931,537.0,1346462.5,18.0,2507.37,4325.0,2310.0,2026-10-01T14:59:58.851352,8063,0
2026-10-01,ULHC,Upper Lohore Khola Hydropower Company Limited,350.0,352.0,360.0,340.0,352.0,-0.5682,3295.0,1135214.9,59.0,344.52,599.0,260.0,2026-10-01T14:59:24.290758,9208,0
2026-10-01,UMHL,United Modi Hydropower Ltd.,551.8,552.5,552.6,548.4,550.5,0.2361,26528.0,14594770.1,81.0,550.16,706.0,495.0,2026-10-01T14:59:58.913562,2760,0
2026-10-01,UMRH,United IDI Mardi RB Hydropower Limited.,511.0,506.2,511.7,506.2,508.9,0.4127,2746.0,1401873.4,41.0,510.51,622.0,500.7,2026-10-01T14:56:03.606505,2914,0
2026-10-01,UNHPL,Union Hydropower Limited,358.0,354.0,363.0,354.0,359.8,-0.5003,12422.0,4440181.6,49.0,357.44,571.0,340.1,2026-10-01T14:55:11.023297,2831,0
2026-10-01,UNL,Unilever Nepal Limited,49100.0,49100.0,49100.0,49100.0,49200.0,-0.2033,30.0,1473000.0,2.0,49100.0,49200.0,45200.0,2026-10-01T14:45:05.616546,219,0
2026-10-01,UNLB,Unique Nepal Laghubitta Bittiya Sanstha Limited,1220.0,1239.0,1242.0,1220.0,1244.9,-2.0002,50.0,61780.0,5.0,1235.6,2228.0,1187.0,2026-10-01T14:59:18.7002,9140,0
2026-10-01,UPCL,UNIVERSAL POWER COMPANY LTD,333.9,333.0,335.0,331.3,331.8,0.6329,20187.0,6725158.0,91.0,333.14,430.4,318.4,2026-10-01T14:59:59.531675,2810,0
2026-10-01,UPPER,Upper Tamakoshi Hydropower Ltd,191.0,190.0,193.0,189.5,189.1,1.0048,79989.0,15315519.9,342.0,191.47,242.6,170.5,2026-10-01T14:59:58.818804,2792,0
2026-10-01,USHEC,Upper Solu Hydro Electric Company Limited,495.5,508.0,508.0,493.0,494.0,0.3036,3264.0,1625448.0,47.0,497.99,539.1,432.0,2026-10-01T14:59:52.085825,8104,0
2026-10-01,USHL,Upper Syange Hydropower Limited,515.0,507.0,521.0,507.0,515.0,0.0,1598.0,826580.0,27.0,517.25,945.0,468.1,2026-10-01T14:59:09.542731,9192,0
2026-10-01,USLB,Unnati Sahakarya Laghubitta Bittiya Sanstha Limited,1150.0,1138.0,1199.7,1111.0,1150.0,0.0,4095.0,4762267.0,105.0,1162.94,2412.0,941.0,2026-10-01T14:55:15.439705,2774,0
2026-10-01,VLBS,Vijaya laghubitta Bittiya Sanstha Ltd.,617.5,610.0,625.2,607.0,613.0,0.7341,3549.0,2204682.3,68.0,621.21,876.0,591.7,2026-10-01T14:59:49.63991,687,0
2026-10-01,VLUCL,Vision Lumbini Urja Company Limited ,379.9,376.0,385.0,363.1,384.8,-1.2734,14462.0,5383803.9,121.0,372.27,652.0,363.3,2026-10-01T14:59:58.539573,9225,0
2026-10-01,YMHL,Yambaling Hydropower Limited,505.0,506.0,524.0,500.0,512.0,-1.3672,37016.0,18769379.8,484.0,507.06,797.6,300.0,2026-10-01T14:59:58.24092,9342,0
